id;file_name;file_type;file_content;file_content_content_type
1;Direct;web-enabled;../fake-data/blob/hipster.png;image/png
2;back-end Lead Sleek;PCI Technician;../fake-data/blob/hipster.png;image/png
3;architectures;orchid;../fake-data/blob/hipster.png;image/png
4;1080p;Pakistan;../fake-data/blob/hipster.png;image/png
5;Solutions;Practical Alabama exploit;../fake-data/blob/hipster.png;image/png
6;tan;Iceland Krona Direct Rustic Frozen Keyboard;../fake-data/blob/hipster.png;image/png
7;Texas;Credit Card Account;../fake-data/blob/hipster.png;image/png
8;navigating ability;online tan Rubber;../fake-data/blob/hipster.png;image/png
9;Ridges;Pennsylvania;../fake-data/blob/hipster.png;image/png
10;panel;compress uniform Planner;../fake-data/blob/hipster.png;image/png
